ELSI Export,,,,,,,,,,,,,,,,,,,,,,,,,,,,,,,,,,,,,,,,,,,,,,,,,,,,,,,,,,,,,,,,,,,,,,,,,,,,,,,,,,,,,,,,,,,,,,,,,,,,,,,,,,,,,,,,,,,,,,,,,,,,,,,,,,,,,,,,,,,,,,,,,,,,,,,,,
,,,,,,,,,,,,,,,,,,,,,,,,,,,,,,,,,,,,,,,,,,,,,,,,,,,,,,,,,,,,,,,,,,,,,,,,,,,,,,,,,,,,,,,,,,,,,,,,,,,,,,,,,,,,,,,,,,,,,,,,,,,,,,,,,,,,,,,,,,,,,,,,,,,,,,,,,
National Center for Education Statistics - http://nces.ed.gov/ccd/elsi/,,,,,,,,,,,,,,,,,,,,,,,,,,,,,,,,,,,,,,,,,,,,,,,,,,,,,,,,,,,,,,,,,,,,,,,,,,,,,,,,,,,,,,,,,,,,,,,,,,,,,,,,,,,,,,,,,,,,,,,,,,,,,,,,,,,,,,,,,,,,,,,,,,,,,,,,,
,,,,,,,,,,,,,,,,,,,,,,,,,,,,,,,,,,,,,,,,,,,,,,,,,,,,,,,,,,,,,,,,,,,,,,,,,,,,,,,,,,,,,,,,,,,,,,,,,,,,,,,,,,,,,,,,,,,,,,,,,,,,,,,,,,,,,,,,,,,,,,,,,,,,,,,,,
This is a State based table with the following filters applied: State(s) (All Years): All 50 + DC,,,,,,,,,,,,,,,,,,,,,,,,,,,,,,,,,,,,,,,,,,,,,,,,,,,,,,,,,,,,,,,,,,,,,,,,,,,,,,,,,,,,,,,,,,,,,,,,,,,,,,,,,,,,,,,,,,,,,,,,,,,,,,,,,,,,,,,,,,,,,,,,,,,,,,,,,
,,,,,,,,,,,,,,,,,,,,,,,,,,,,,,,,,,,,,,,,,,,,,,,,,,,,,,,,,,,,,,,,,,,,,,,,,,,,,,,,,,,,,,,,,,,,,,,,,,,,,,,,,,,,,,,,,,,,,,,,,,,,,,,,,,,,,,,,,,,,,,,,,,,,,,,,,
State Name,State Abbr [State] Latest available year,Pupil/Teacher Ratio [State] 2022-23,Pupil/Teacher Ratio [State] 2021-22,Pupil/Teacher Ratio [State] 2020-21,Pupil/Teacher Ratio [State] 2019-20,Pupil/Teacher Ratio [State] 2018-19,Pupil/Teacher Ratio [State] 2017-18,Pupil/Teacher Ratio [State] 2016-17,Pupil/Teacher Ratio [State] 2015-16,Full-Time Equivalent (FTE) Teachers [State] 2022-23,Full-Time Equivalent (FTE) Teachers [State] 2021-22,Full-Time Equivalent (FTE) Teachers [State] 2020-21,Full-Time Equivalent (FTE) Teachers [State] 2019-20,Full-Time Equivalent (FTE) Teachers [State] 2018-19,Full-Time Equivalent (FTE) Teachers [State] 2017-18,Full-Time Equivalent (FTE) Teachers [State] 2016-17,Full-Time Equivalent (FTE) Teachers [State] 2015-16,Instruction Expenditures - Employee Benefits (E12) [State Finance] 2020-21,Instruction Expenditures - Employee Benefits (E12) [State Finance] 2019-20,Instruction Expenditures - Employee Benefits (E12) [State Finance] 2018-19,Instruction Expenditures - Employee Benefits (E12) [State Finance] 2017-18,Instruction Expenditures - Employee Benefits (E12) [State Finance] 2016-17,Instruction Expenditures - Employee Benefits (E12) [State Finance] 2015-16,Instruction Expenditures - Salaries (E11) [State Finance] 2020-21,Instruction Expenditures - Salaries (E11) [State Finance] 2019-20,Instruction Expenditures - Salaries (E11) [State Finance] 2018-19,Instruction Expenditures - Salaries (E11) [State Finance] 2017-18,Instruction Expenditures - Salaries (E11) [State Finance] 2016-17,Instruction Expenditures - Salaries (E11) [State Finance] 2015-16,Full-Time Equivalent (FTE) Staff [State] 2022-23,Full-Time Equivalent (FTE) Staff [State] 2021-22,Full-Time Equivalent (FTE) Staff [State] 2020-21,Full-Time Equivalent (FTE) Staff [State] 2019-20,Full-Time Equivalent (FTE) Staff [State] 2018-19,Full-Time Equivalent (FTE) Staff [State] 2017-18,Full-Time Equivalent (FTE) Staff [State] 2016-17,Full-Time Equivalent (FTE) Staff [State] 2015-16,Paraprofessionals/Instructional Aides [State] 2022-23,Paraprofessionals/Instructional Aides [State] 2021-22,Paraprofessionals/Instructional Aides [State] 2020-21,Paraprofessionals/Instructional Aides [State] 2019-20,Paraprofessionals/Instructional Aides [State] 2018-19,Paraprofessionals/Instructional Aides [State] 2017-18,Paraprofessionals/Instructional Aides [State] 2016-17,Paraprofessionals/Instructional Aides [State] 2015-16,Instructional Coordinators [State] 2022-23,Instructional Coordinators [State] 2021-22,Instructional Coordinators [State] 2020-21,Instructional Coordinators [State] 2019-20,Instructional Coordinators [State] 2018-19,Instructional Coordinators [State] 2017-18,Instructional Coordinators [State] 2016-17,Instructional Coordinators [State] 2015-16,Elementary School Counselor [State] 2022-23,Elementary School Counselor [State] 2021-22,Elementary School Counselor [State] 2020-21,Elementary School Counselor [State] 2019-20,Elementary School Counselor [State] 2018-19,Elementary School Counselor [State] 2017-18,Elementary School Counselor [State] 2016-17,Elementary School Counselor [State] 2015-16,Secondary School Counselor [State] 2022-23,Secondary School Counselor [State] 2021-22,Secondary School Counselor [State] 2020-21,Secondary School Counselor [State] 2019-20,Secondary School Counselor [State] 2018-19,Secondary School Counselor [State] 2017-18,Secondary School Counselor [State] 2016-17,Secondary School Counselor [State] 2015-16,Other Guidance Counselors [State] 2022-23,Other Guidance Counselors [State] 2021-22,Other Guidance Counselors [State] 2020-21,Other Guidance Counselors [State] 2019-20,Other Guidance Counselors [State] 2018-19,Other Guidance Counselors [State] 2017-18,Other Guidance Counselors [State] 2016-17,Other Guidance Counselors [State] 2015-16,Guidance Counselors [State] 2022-23,Guidance Counselors [State] 2021-22,Guidance Counselors [State] 2020-21,Guidance Counselors [State] 2019-20,Guidance Counselors [State] 2018-19,Guidance Counselors [State] 2017-18,Guidance Counselors [State] 2016-17,Guidance Counselors [State] 2015-16,Librarians/media specialists [State] 2022-23,Librarians/media specialists [State] 2021-22,Librarians/media specialists [State] 2020-21,Librarians/media specialists [State] 2019-20,Librarians/media specialists [State] 2018-19,Librarians/media specialists [State] 2017-18,Librarians/media specialists [State] 2016-17,Librarians/media specialists [State] 2015-16,Media Support Staff [State] 2022-23,Media Support Staff [State] 2021-22,Media Support Staff [State] 2020-21,Media Support Staff [State] 2019-20,Media Support Staff [State] 2018-19,Media Support Staff [State] 2017-18,Media Support Staff [State] 2016-17,Media Support Staff [State] 2015-16,LEA Administrators [State] 2022-23,LEA Administrators [State] 2021-22,LEA Administrators [State] 2020-21,LEA Administrators [State] 2019-20,LEA Administrators [State] 2018-19,LEA Administrators [State] 2017-18,LEA Administrators [State] 2016-17,LEA Administrators [State] 2015-16,LEA Administrative Support Staff [State] 2022-23,LEA Administrative Support Staff [State] 2021-22,LEA Administrative Support Staff [State] 2020-21,LEA Administrative Support Staff [State] 2019-20,LEA Administrative Support Staff [State] 2018-19,LEA Administrative Support Staff [State] 2017-18,LEA Administrative Support Staff [State] 2016-17,LEA Administrative Support Staff [State] 2015-16,School Administrators [State] 2022-23,School Administrators [State] 2021-22,School Administrators [State] 2020-21,School Administrators [State] 2019-20,School Administrators [State] 2018-19,School Administrators [State] 2017-18,School Administrators [State] 2016-17,School Administrators [State] 2015-16,School Administrative Support Staff [State] 2022-23,School Administrative Support Staff [State] 2021-22,School Administrative Support Staff [State] 2020-21,School Administrative Support Staff [State] 2019-20,School Administrative Support Staff [State] 2018-19,School Administrative Support Staff [State] 2017-18,School Administrative Support Staff [State] 2016-17,School Administrative Support Staff [State] 2015-16,Student Support Services [State] 2018-19,Student Support Services [State] 2017-18,Student Support Services [State] 2016-17,Student Support Services [State] 2015-16,Student Support Services Staff (w/o Psychology) [State] 2022-23,Student Support Services Staff (w/o Psychology) [State] 2021-22,Student Support Services Staff (w/o Psychology) [State] 2020-21,Student Support Services Staff (w/o Psychology) [State] 2019-20,School Psychologist [State] 2022-23,School Psychologist [State] 2021-22,School Psychologist [State] 2020-21,School Psychologist [State] 2019-20,All Other Support Staff [State] 2022-23,All Other Support Staff [State] 2021-22,All Other Support Staff [State] 2020-21,All Other Support Staff [State] 2019-20,All Other Support Staff [State] 2018-19,All Other Support Staff [State] 2017-18,All Other Support Staff [State] 2016-17,All Other Support Staff [State] 2015-16
ALABAMA,AL ,17.87,19.27,17.35,17.71,17.56,17.76,17.51,18.25,42021.62,38835.49,42335.96,42021.73,42113.64,41802.18,42532.95,40766.22,1066231309,1055910116,1032377716,1007892912,996372183,965948702,2869797953,2794359094,2691205833,2602756794,2582188849,2477403659,78283.79,74495.45,76939.93,76456.41,76492.75,91778.29,87251.13,71628.43,7620.57,7403.76,6807.46,6739.55,6508.89,7027.95,6872.86,5379.67,56.58,52.58,48.9,52.69,56.47,122.04,127.47,17.17,990.29,981.62,954.19,950.49,950.78,961.05,961.55,928.05,694.13,676.95,654.07,648.57,663.17,664.97,650.19,583.69,169.66,169.92,160.66,157.66,155.49,169.73,174.09,4.57,1854.08,1828.49,1768.92,1756.72,1769.44,1795.75,1785.83,1516.31,1305.95,1305.34,1305.34,1305.29,1322.28,1322.55,1192.97,956.5,147.36,157.11,163.61,178.36,188.94,203.44,352.87,218.34,1247.58,1202.84,1137.94,1115.16,1091.71,1789.05,1183.5,13,2200.85,2160.92,2119.74,2093.86,2076.49,1895.41,2369.31,612,4201.51,4130.02,4046.6,3993.35,3954.23,3929.85,4415.74,3311.48,2260.83,2250.75,2216.77,2215.6,2241.53,3085.5,2588.92,1993.04,1986.18,8003.51,3044.6,1928.5,2310.2,2273.94,2181.53,2001.6,3,2,2,†,13053.66,12892.21,12805.16,12980.5,13182.95,20801.06,20784.11,14916.2
ALASKA,AK ,18.26,17.93,17.18,17.64,17.1,17.16,16.96,16.91,7160.48,7245.64,7558.21,7483.72,7656.78,7742.85,7824.91,7832.15,441753471,438132784,418290143,410908888,414053585,414485101,745838741,725390799,726699913,716027215,721744177,711181788,16669.62,16658.81,17050.84,16980.03,17114,17153.93,17230.72,16982.39,2622.15,2662.85,2676.33,2730.91,2720.43,2607.85,2602.12,2489.54,0,0,0,0,0,0,0,–,78.8,77.2,78.66,72.51,71.33,69.28,67.66,67.99,198.24,202.19,195.3,193.58,203.63,194.64,211.89,194.24,42.06,31.56,36.2,38.9,38.78,47.62,44.43,46.2,319.1,310.95,310.16,304.99,313.74,311.54,323.98,308.43,126.74,130.89,132.35,134.54,133.6,136.05,142.36,117.99,65.39,71.43,69.09,73.21,77.16,70.58,76.45,75.75,768.31,702.66,725.71,717.99,705.83,707.17,641.46,600.25,783.75,773.39,787.92,785.69,789.98,813.25,800.64,792.8,691.07,680.14,687.24,669.65,663.16,645.75,640.27,646.53,1146.56,1123.92,1125.36,1118.69,1081.16,1094.6,1065.24,1052.99,677.49,687.59,658.54,621.86,690.06,681.05,672.93,616.68,83.5,78.19,84.53,†,2212.51,2197.7,2221.01,2258.1,2294.67,2336.7,2454.75,2444.1
ARIZONA,AZ ,22.84,22.18,22.43,23.56,23.53,23.21,23.29,23.13,49565.89,51093.38,49546.93,48911.78,48510.41,47867.58,48220.08,47943.56,1194499002,1075463382,1095166802,1006079274,972152241,934002684,3945359867,3690820526,3617868384,3346718582,3260105196,3126186606,108783.29,111165.7,105134.98,106835.3,105177.1,103508.2,104170.3,103174.6,16360.49,16701.11,15149.22,16766.78,16383.78,15694.28,15693.7,15106.81,829.12,736.83,664.34,623.98,575.81,629.47,612.51,623.89,796.59,807.65,676.71,538.77,464.29,435.43,443.45,448.17,901.21,933.17,875.72,820.72,797.34,765.89,797.64,779.84,0,0,0,0,0,0,0,0,1697.8,1740.82,1552.43,1359.49,1261.63,1201.32,1241.09,1228.01,451.17,464.8,415.46,419.34,426.17,418.54,421.01,445.29,84.8,70.96,56.69,60.2,69.7,74.98,83.12,85.6,1704.4,1692.19,1539.08,1483.64,1474.54,1408.84,1379.32,1385.42,4259.22,4387.75,4095.55,4098.74,4023.92,4093.07,4127.51,4158.69,2641.7,2748.35,2519.22,2545.73,2457.43,2452.22,2438.46,2461.01,4023.08,4067.34,3835.46,3875.84,3802.8,3775.88,3848.53,3790.96,12063.83,11812.12,11783.51,11685.43,12281.8,12187.26,11146.9,11432.61,1078.52,1107.81,905.46,†,13805.3,14167.11,13708.24,14379.1,14127.07,14079.94,14321.44,14259.89
ARKANSAS,AR ,12.7,12.6,12.62,12.86,13.03,13.86,13.81,13.75,38814.62,38846.41,38542.66,38629.48,38019.16,35799.86,35730.3,35803.87,604680587,565884881,555005251,544661186,530842325,524988119,2072793413,1989765192,1965622903,1929131568,1876613635,1846356785,80962.83,79761.16,75927.47,77034.38,76287.38,73587.3,73599.33,73658.2,10235.6,10099.23,8848.33,9111.1,9270.08,9128.17,9024.97,8963.45,2157.41,1761.17,1222.14,1171.61,1065.13,986.28,1006.72,996.02,606.16,591.97,584.21,593.29,590.01,561.13,574.42,577.88,813.63,777.77,762.05,758.04,756.16,726.59,721.64,725.54,0,0,0,0,0,0,0,0,1419.79,1369.74,1346.26,1351.33,1346.17,1287.72,1296.06,1303.42,909.43,898.6,894.33,923.81,967.49,954.03,947.69,948.15,159.85,151.35,165.6,172.35,176.81,170.43,177.23,182.21,873.84,735.91,652.57,655.86,477.5,643.48,624.14,614.4,3007.9,2971.2,2624.99,2605.14,2704.57,2586.54,2609.99,2596.22,2105.99,1922.53,1910.42,1946.36,1878.39,1880.42,1831.85,1797.19,3278,3201.05,3075.6,3057.82,3096.21,2917.35,2898.21,2926.65,7465.16,7461.19,7577.2,7684.89,7492.43,7393.06,6837.52,7205.7,188.5,113.05,95.05,†,10319.47,10297.86,9712,10105.77,9820.71,9771.83,9874.97,9841.73
CALIFORNIA,CA ,21.86,22.01,22.47,22.67,23.08,23.22,23.26,23.63,267658.51,267758.5,269850.03,271805.2,271805.2,271523.05,271287.08,263474.9,14250760906,14910153404,15831763389,12500256398,11385175951,10154297406,30949087272,30488297715,30037746037,29160238272,28385594541,27148051584,612349.53,612722.6,613321.39,613096,613096,604248.2,599786,577836.1,90822.07,84397.27,84726.22,87747.71,87747.71,81898.16,81369.36,78998.66,5066.11,4943.54,4532.66,25130.33,25130.33,25494.68,25916.47,22630.32,4489.18,4004.75,3510.73,3220.59,3220.59,2995.84,2885.01,2620.76,5370.76,5081.6,4824.81,4818.11,4818.11,4748.2,4613.64,4508.79,2743.45,2494.62,2266.59,2215.46,2215.46,2050.11,2023.54,1669.95,12603.39,11580.97,10602.13,10254.16,10254.16,9794.15,9522.19,8799.5,637.97,591.35,620.94,87,87,92.98,195.84,105.2,0,0,0,–,–,–,–,–,7410.92,7198.38,7425.36,4040.57,4040.57,3820.66,3766.64,3311.67,22227.18,481.04,502.14,21834.79,21834.79,21872.79,21240.27,20672.4,17339.76,16858.64,16499.62,18050.1,18050.1,17718.99,17760.93,17158.03,35730.75,55497.9,55997.8,35273.01,35273.01,35180.64,34677,33873.81,21263.16,20544.45,20036.85,19214.41,12219.11,11448.03,11114.79,–,7189.7,6866.57,6587.96,†,133444.06,145100.4,144861.74,117610,117610,116307.6,114013.39,109597.1
COLORADO,CO ,16.26,16.34,16.26,16.94,17.15,17.38,17.4,17.36,53552.5,53902.91,54318.97,53900.97,53146.65,52373.47,52014.13,51798.13,1233160250,1273816712,1203833437,1086936324,1004243083,953905899,3986295787,3921480150,3732495063,3502851630,3421045158,3348613206,117872.91,116476.7,115896.14,117692.1,115529.3,113320.3,111292.9,111939.2,18366.85,17495.76,16972.46,18254.62,17694.11,17198.97,17038.87,17395.55,3627.7,3269.51,3043.51,3722.84,3356.55,3325.11,3126.71,3335.17,692.07,663.36,649.63,653.29,546.74,488.65,441.95,421.45,2183.36,2117.39,2075.16,2036.22,1865.22,1750.89,1690.49,1636,455.66,463.13,452.65,408.23,403.83,358.55,349.78,334.51,3331.09,3243.88,3177.44,3097.74,2815.79,2598.09,2482.22,2391.96,452.94,474.49,468.6,511.99,546.26,551.47,578.83,582.97,656.63,646.58,636.9,693.87,704.69,739.63,728,765.73,1521.58,1483.53,1485.42,1338.78,1418.87,1399.76,1359.44,1347.82,4688.96,4684.62,4671.74,4756.64,4739.39,4707.37,4645.46,4629.93,4127.25,4035.05,3895.58,3797.59,3779.86,3628.53,3498.48,3433.88,5264.12,5354.15,5290.56,5366.45,5396.77,5338.18,5203.78,5137.5,7923.89,7429.12,6903.67,6774.06,8307.44,7781.7,7652.63,7371.43,948.34,934.74,931.26,†,13027.51,13169.74,13351.07,13966.52,14005.42,14030.59,13713.28,14346.51
CONNECTICUT,CT ,11.67,12.23,11.96,12.36,12.3,11.79,12.64,12.29,44006.87,41685.78,42580.2,42385.85,42827.56,45081.41,42343.2,43772.31,2113710963,2039652188,2021271250,1979057110,1899984017,1885229839,4171719825,4072311697,3961284707,3800684263,3963986693,3909375279,101240.4,96791.09,97982.5,96886.09,96103.31,97989.01,96046.94,98179.14,17819.1,16920.6,16876.26,16879.26,16520.76,16039.3,16564.72,16516.49,3067.32,2885.87,2750.87,2747.93,5009.78,5119.25,4965.7,5217.15,627.98,593.2,559.17,556.52,447.12,467.88,443.81,448.56,916.88,892.7,898.45,892.25,704.16,736.56,721.57,721.23,0,0,0,0,0,0,0,0,1544.86,1485.9,1457.62,1448.77,1151.28,1204.44,1165.38,1169.79,711.85,681.5,668.1,729.65,733.95,767.61,754.02,759.58,392.96,406.91,471.52,471.52,451.28,465.41,525.49,547.46,2585.48,2319.96,2186.88,2097.84,2079.56,2051.93,2156.07,2324.16,1462.65,1475.66,1574,1575,1604.12,1572.38,1638.64,1584.45,2390.18,2248.02,2293.53,2258.99,2261.64,2311.43,2245.96,2401.74,2853.99,2867.97,2888.25,2899.8,2905.24,2985.66,2945.82,2961.35,3184.8,2930.59,3933.65,3620.4,5237.27,4812.55,4471.67,4442.59,1047.29,994.69,1043.37,†,18120.58,18005.68,18720.23,17918.33,17373.34,17459.6,16728.25,17291.01
DELAWARE,DE ,14.16,14.04,14.02,14.36,14.38,14.5,14.8,15.05,9991.22,9965.44,9849.93,9747,9623.64,9398.68,9208.2,8961.71,445888544,450150704,451261334,423578158,419881888,382812157,799713748,803767357,815043526,778191998,758278843,732115795,18528.76,17977.02,17287.97,17133.42,18954.93,18397.76,17142.21,17097.49,3169.05,2818.84,2546.54,2584.87,2739.23,2571.82,2348.85,2126.53,454.6,448.3,394.43,359,352.6,336.49,332.49,307,167,153.8,126.8,123,129.54,119.75,117.75,117.75,278.8,253.3,235.3,237,232.67,224,212,202,0,0,0,0,0,0,0,0,445.8,407.1,362.1,360,362.21,343.75,329.75,319.75,108.3,107.8,105.3,109,110,114,120,122,0,0,0,1,4,3,6,9,135.24,135.74,128.74,121,494.92,468.92,83.58,430.32,143.83,128.83,122.83,116,350.64,340,106.73,329.2,577,562.8,542.3,535.8,521,504.55,504.5,465,391.71,387.71,386.71,389,399,399.47,389,386,885.13,840.8,811.2,770.54,916.26,853.8,786.63,725,165.26,176.86,173,†,2030.49,1983.8,1889.46,1930.75,3112.56,3076.28,2901.91,2870.44
DISTRICT OF COLUMBIA,DC ,11.3,11.36,11.71,12.13,12.1,13.11,12.76,11.76,8052.21,7828.4,7678.3,7409.22,7312.33,6659.32,6726.99,6789.09,205075895,186051406,165826778,177773659,167435465,139236478,799166062,761332860,699979655,769915768,709164060,687092381,17467.65,16631.4,15775.92,16578.2,15682.98,14170.93,13401.86,14105.93,2189.86,2158.41,1941.15,2353.24,2225.75,1982.79,1786.02,1733.17,408.29,260.5,194.46,200.87,133.05,85.3,84.08,402.76,62.57,28.58,21.8,0.7,57.36,6.7,32,43.5,155.61,115.59,120.17,0.3,138.33,70.8,66.88,85.58,59.17,55.91,53.5,234.27,2,78.38,69,42.5,277.35,200.08,195.47,235.27,197.69,155.88,167.88,171.58,115.39,100.34,88,109.5,114.75,118.05,17,99.35,32.38,10.94,3.5,10.5,7.75,10.71,11,8,571.41,453.44,445.35,331.3,347.9,662.8,475.61,434.1,1286.45,986.7,904.94,1093.7,1098.26,930.27,959.75,926.55,951.99,1340.07,1204.98,918.52,854.64,561.36,194.4,656.3,723.06,480.04,428.6,598.91,815.42,728.51,2201.77,815.16,1778.16,1465.02,675.76,1308.44,1432.94,1571.78,1447.74,2055.15,148.53,171.75,170.87,†,1277.79,1068.95,1072.56,1130.61,797.28,810.92,101.6,761.43
FLORIDA,FL ,18.31,17.72,17.3,17.22,17.31,15.22,15.12,15.29,156787.43,159865.9,161413.31,166002.1,164398.7,186128.02,186339.1,182586.3,3419346731,3209025202,3036636373,2982061025,2907839918,2794944288,10289504342,10287381152,9755632288,9695253275,9375840057,9227637998,332653.35,331369.8,334397.27,344008.1,336556.1,352745.8,351531.2,345644.6,35481.3,33646.02,34459.21,36379.55,34672.11,33375.33,33038.03,32095.82,2878.85,2656.94,2458.82,2522.77,2476.63,758.7,662.31,681.98,2271.14,2048.81,2048.58,2041.08,2019.58,1921.96,1887.68,1914.14,3616.08,3632.55,3587.19,3570.99,3468.01,3366.83,3307.6,3249.3,905.44,820.11,792.54,759.03,718.37,642.27,628.77,606.6,6792.66,6501.47,6428.31,6371.1,6205.96,5931.06,5824.05,5770.04,2042.42,1911.18,1923.52,1991.14,1986.85,1971.69,1987.67,2060.59,805.05,783.58,757.53,792.86,808.26,804.59,869.66,866.22,2521.07,2432.83,2257.78,2237.48,2134.2,2317.75,2246.95,2145.74,6007.74,6080.12,6247.5,6493.96,6365.08,15596.92,15296.18,15501.75,9249.14,9133.65,9098.7,9066.61,8886.67,8825.78,8841.93,8686.91,17749.42,17298.54,17356.57,17873.56,17546.17,15975.18,16436.66,16012.41,29505.23,12049.03,11843.01,11322.6,33259.73,32406.15,30739.42,30064.06,1430.5,1526.23,1526.89,†,57648.04,57127.19,59729.71,62676.47,61570.18,69011.75,68145.62,67914.25
GEORGIA,GA ,14.43,14.53,14.65,15.02,15.08,15.24,15.37,15.55,121301.1,119831,118059.1,117836.9,117159.3,116021.7,114762.5,113031,3494554039,3606884061,3353485596,3124257136,2824023682,2674847588,8293580527,8029858061,7593628961,7475744008,7297730655,6932397673,243343.2,238141,234814.9,237310.8,234162.4,231643.7,228522.5,224487.7,27844.3,26980.8,26137.6,27298.8,26222,25881.7,24942.9,24507.7,5394.8,4999.6,4206.2,4117.8,3911.3,3881.6,3701.2,3372,1754.2,1686.3,1656.3,1633.4,1592.5,1578.5,1563.6,1528.2,2668,2553.6,2473.9,2460.1,2364,2275.4,2220.7,2161.6,0,0,0,0,0,0,0,0,4422.2,4239.9,4130.2,4093.5,3956.5,3853.9,3784.3,3689.8,2066.3,2040,2033.3,2061.2,2065,2074.7,2088.5,2085.9,1112.5,1106.3,1120.6,1161.8,1182,1139.2,1109.9,1118.4,3281.8,3165.2,3025.5,3059.4,2934.7,2710.6,2532.6,2411.1,2902.2,2782.9,2756.2,2771.6,2712.2,2683.1,2643.6,2572.5,7166,6986.4,6883.5,6849.5,6685.3,6590.1,6436.3,6396,9647.8,9406,9264.9,9404.3,9299.8,9186.2,9144,9035.8,9082,8840.8,8470,8237,9019.7,8719.4,8538,8491.2,843.1,814.7,790.3,†,48341.4,47068.8,47869.5,49389.9,48952.3,48780.1,48906.7,48030.5
HAWAII,HI ,14.2,14.4,14.53,14.82,14.94,15.03,15.41,15.49,11983.69,12026.2,12145.4,12220.77,12132.1,12033.47,11781.66,11746.9,532081922,598140595,545496491,485325245,420171020,381961503,1076210870,1060291766,1022138511,987240904,955343989,948100256,22894.31,22931.29,23259.14,23336.19,23176.9,23140.63,22598.41,22596.3,2398.25,2457.67,2561.75,2565.27,2609.15,2626.28,2556.21,2547.38,626,598.25,594.5,616.59,600.5,613,609.75,615.5,278.07,269.75,272,274.7,272,268.4,257.55,259.2,387.33,376.6,387,385.7,387.7,384.2,376.65,375,0,0,0,0,0,0,0,0,665.4,646.35,659,660.4,659.7,652.6,634.2,634.2,88.5,87.5,114,125.5,134.5,142.5,148.5,160,51,53.1,59.25,57,53.2,60.7,63,63.5,368,358,360,353,339.5,324,301,275,713.6,729.49,752,743.8,729.8,735.1,691.6,697.1,710.75,705.5,735,740,716.75,711.5,693.85,667.6,933.35,936.43,951.59,947.64,947.83,959.4,930.6,952.46,1691.21,1748.38,1694.78,1725.68,1711.63,1682.96,1647.03,1610.23,108.5,115.5,125.5,†,2535.64,2534.34,2554.12,2577.99,2562.66,2533.7,2493.26,2510.98
IDAHO,ID ,17.52,17.52,17.49,18.08,18.54,18.15,18.34,18.67,18120.62,17934.89,17582.26,17206.53,16745.31,16591.97,16203.9,15656.42,384791087,370765306,350839548,332359859,316921305,299869521,1127408590,1060936489,1003712820,953953670,902279868,850063068,31172.33,30518.53,29881.73,29942.71,29356.7,28859.59,28078.99,27186.26,3542.02,3324.16,3165.73,3425.43,3291.91,3163.57,3131.01,2927.87,402.03,343.44,349.86,374.83,488.48,238.2,234.92,241,0,0,0,0,216.58,220.41,208.88,192.62,0,0,0,0,349.15,351.09,343.65,307.49,660.06,635.67,623.3,598.3,0,0,0,0,660.06,635.67,623.3,598.3,565.73,571.5,552.53,500.11,33.87,34.15,41.67,34.34,39.78,47.35,50.37,47.65,258.43,254.38,245.91,264.31,263.87,264.71,263.99,261.54,173.64,168.79,162.22,156.37,152.11,142.89,133.23,128.23,771.54,744.97,735.71,723.19,711.18,712.99,641.35,648.44,798.65,777.47,764.38,749.34,736.69,728.11,716.15,673.44,1083.46,1031.2,1026.22,1020.08,992.1,980.18,938.79,916.82,574.85,550.48,533.24,540.39,182.18,174.99,169.18,166.92,473.04,456.63,441.52,†,4672.79,4637.8,4573.77,4792.55,4794.69,4867.64,4679.51,4644.35
ILLINOIS,IL ,13.68,13.41,–,14.63,14.97,15.64,15.72,15.71,135363.07,139378.4,–,132814.8,132423.1,128203.64,128893.43,129948.2,8303468632,7912283440,7146275162,7528405329,7673292684,6270188225,11272238490,10991903302,10670903085,10338166085,10142328681,10057461274,265706.16,269353.4,–,257247.8,261629.2,248681.5,259560.1,260462.8,37013.96,35819.31,–,35299.09,35145.48,28848.42,27787.28,26577.48,4107.8,1573.28,–,1432.18,1568.39,1512.72,1573.39,1600,1405.38,1360.55,–,1134.51,1100.07,1038.94,1026.01,1020.45,2288.63,2222.31,–,2146.98,2067.14,1923.5,1928.94,1990.55,0,0,–,0,0,1,0,0,3694.01,3582.86,–,3281.49,3167.21,2963.44,2954.95,3011,1336.22,1496.14,–,1399.96,1444.56,1475.38,1533.87,1644.8,–,–,–,1365.17,1395.78,1172.34,1337.79,1319.87,4099.66,3699.15,–,6078.61,3799.42,3474.95,3410.73,3901.66,50731.75,50281,–,5630.16,6398.6,6378.94,7129.41,6992.69,9332.97,9553.62,–,8876.19,8665.26,6818.12,6850.63,8125.33,7757.96,8094.6,–,7592.42,8739.47,8958.13,10217.18,10076.89,31240.89,31019.55,37183.47,37000.94,9812.98,10707.1,–,26051.26,1853.84,2288.04,–,†,601.95,2879.93,–,25920.85,27641.02,27855.91,30687.97,30263.89
INDIANA,IN ,15.8,15.61,15.72,17.04,17.26,17.28,17.45,18.15,65596.59,66413.6,65758.31,61711.79,61154.81,61018.37,60161.63,57674.85,2183925544,2147949165,2016982997,1995089387,1911383667,1893369333,4080268864,3951718198,3760976416,3731848165,3687499410,3622089111,142889.37,145173.9,146766.7,148729.9,143562.8,142014.4,144997.3,152826.2,16514.22,17312,14247.9,17878.39,17147.65,16540.95,17271.53,17033.49,2843,3071,5547.71,5334.52,4520.97,4831.97,4374.34,3995.48,470.14,362.76,619.38,596.82,555.49,565.55,602.85,548.57,1526.76,1131.49,1556.62,1568.2,1469.56,1573.97,1508.75,1415.3,0,0,0,0,0,0,0,0,1996.9,1494.25,2176,2165.02,2025.05,2139.52,2111.6,1963.87,256,458,522.54,596.54,575.38,642.88,688.37,692.2,1128.93,1161,1115.99,1159.88,1132.25,1146.61,1162.13,1183.56,1590.4,1493,689.09,658.21,655.16,604.05,603.32,1170.14,2764.33,2816,729.43,726.37,747.78,749.31,760.08,739.14,3490,2950,3493.94,3520.72,3402.21,3503.59,3441.12,3335.64,6683.04,6762,6931.42,6874.71,6518.24,6342.08,6660.09,6814.66,8749.31,8679.75,9030.54,18818.82,9319.73,9475,8649.66,8936.35,611.46,690,617.54,†,30094.77,31078,36287.14,38507.84,36934.01,35815.3,38732.56,39404.38
IOWA,IA ,14.15,14.16,14.05,14.48,14.45,14.4,14.24,14.24,36138.08,36059.3,36048.38,35737.21,35618.46,35552.6,35808.04,35687.49,909973082,879593992,863582825,841619236,812849937,786969092,2657111454,2608716245,2570959286,2530214935,2487050110,2414680595,77407.17,77342.91,77509.83,77459.88,76347.96,75694.41,73494.6,72886.63,14048.21,13975.2,13871.84,14163.04,13422.24,12867.55,12500.72,11900.11,2605.01,2533.48,2576.97,2563.23,2589.08,2526.8,823.06,808.08,0,0,0,0,847.48,837.99,802.98,789.77,0,0,0,0,469.11,458.35,436.29,428.54,1449.44,1417,1369.32,1347.16,0,0,0,0,1449.44,1417,1369.32,1347.16,1316.59,1296.34,1239.27,1218.31,383.4,384.82,376.73,379.81,395.42,406.76,413.5,421.16,415.89,431.42,439.51,431.4,435.84,438.38,459.17,468.88,1949.24,1965.01,1919.19,1928.48,1889.02,1898.04,1767.11,1710.04,1767.11,1858.74,1872.9,1890.58,1890.2,1930.87,1912.4,2008.86,1903.47,1859.22,1778.08,1744.35,1714.09,1744.28,1721.92,1719.17,2168.94,2214.52,2245.92,2226.69,2251.83,2246.77,2258.55,2282.44,4679.13,4594.76,4481.27,4362.54,4636.72,4370.63,4510.77,4842.32,314.2,268.7,326.27,†,9627.46,10004.87,10173.95,10205.61,10146.06,10191.26,10109.59,10299.55
KANSAS,KS ,12.88,12.66,12.68,13.6,13.55,13.66,13.66,12.39,37885.25,38353.43,38007.33,36603.08,36723.89,36387.27,36193.25,40035.33,853367944,850695406,679534582,742015802,633067179,624905916,2492450964,2398562149,2368050625,2264927547,2173095792,2153182081,74600.29,74899.32,73451.19,72547.94,71519.49,69441.54,68846.5,73271.51,10471.7,10443.2,9809,10332.7,9667,8968.6,8949.8,9065.4,1573.21,1445.63,1235.92,1228.34,1144.88,1055.88,934.51,991.71,0,0,0,0,372.19,345.99,337,361.12,0,0,0,0,781.58,722.36,703.5,749.88,1264.04,1247.74,1216.6,1188.9,0,0,0,0,1264.04,1247.74,1216.6,1188.9,1153.77,1068.35,1040.5,1111,575,600.32,602.99,618.14,621.3,566.7,587.2,630.3,494.6,482.5,600.8,634.1,626.4,544.5,566.2,517.5,461.57,449.89,459.7,469.3,457.61,449.51,443.11,487.57,1595.8,1575.3,1472.4,1460.6,1426.6,1391.7,1359.8,1361.5,2152.22,2108.16,2091.27,2028.16,2016.31,1898.99,1854.3,1895.3,2062.9,2071.2,2167.5,2187.8,2161.4,2112.1,2128.5,2186.4,4566.53,4566.44,4293.43,4400.4,5110.2,5084.8,4503.1,4338.5,438.05,454.1,430.88,†,10515.75,10583.05,10853.7,11041.9,10953.8,10431.5,10468.4,10589.1
KENTUCKY,KY ,15.34,15.08,15.52,16.39,16.21,16.19,16.27,16.39,43022.55,43379.9,42458.13,42222.99,41826.9,42064.18,42028.74,41902.11,1559462561,1551903696,1490271743,1495779485,1061769021,1049594448,2829184786,2780668672,2745858502,2715354945,2678618791,2653543566,98580.03,98626.52,97425.66,98882.02,97614.73,98363.05,97693.6,97711.8,12777.7,12609.63,12268.52,13074.05,12817.29,13134,12958,12856.93,1909.7,1826.88,1779.05,1775.6,1675.1,1661.3,1592.97,1597.96,0,0,0,0,871.31,871.95,854.35,857.8,0,0,0,0,724.68,720.01,697.5,695.62,1950,1879.59,1797.72,1729.1,0,0,0,0,1950,1879.59,1797.72,1729.1,1595.99,1591.96,1551.85,1553.42,1015.38,1026.8,1010.54,1023.54,1030.74,1052.98,1053.98,1052.67,149.05,145.05,153.99,174.6,186.96,193.91,198,214,1016.2,1024.25,993.93,992.27,966.78,961.48,954.04,944.99,2577.04,2413.92,2362.25,2347.39,2292.21,2313.72,2281.25,2253.6,3801.17,3692.17,3654.24,3592.13,3528.77,3521.98,3496.07,3474.58,5466.73,5406.68,5417.81,5427.92,5352.32,5415.97,5407.02,5483.38,3330.53,3254.57,3218.08,3129.69,3212.64,3142.53,2987.9,3020.75,440,453.7,442,†,21241.87,21625.42,22099.58,23063.68,23011.14,23197,22953.6,23248.47
LOUISIANA,LA ,17.47,17.62,18.07,18.41,18.29,17.75,14.8,12.29,41110.05,38773.47,38368.88,38588.98,38913.16,40280.89,48408.12,58469.25,1410410744,1376242315,1381016132,1381543668,1331231495,1326846020,2816372074,2903195871,2843364909,2824550367,2786077481,2781018736,82640.88,79193.15,78661.67,79255,79742.21,81650.47,97152.33,107599.9,12027.68,11377.67,11324.88,11509.96,11469.63,11616.56,13577.02,13640.08,1742.78,1890.41,1759.57,1778.49,1720.35,1375.75,1338.84,1569.27,0,0,0,0,1094.46,1064.81,1241.99,1251.9,0,0,0,0,518.81,502.52,579.54,576.29,1626.92,1583.01,1557.34,1622.6,0,0,0,0,1626.92,1583.01,1557.34,1622.6,1613.27,1567.33,1821.53,1828.19,892.29,922.78,926.54,956.95,978.39,984.05,1226.76,1193.66,163.23,158.05,170.72,179.45,170.95,169.9,201.77,204.07,168.09,117.49,110.23,100.32,109.22,95.1,101.06,105.74,605.4,495.16,392.26,458.16,515.41,426.68,472.4,452.56,3417.1,3308.19,3286.94,3307.66,3344.1,3281.55,3785.5,3710.92,3325.78,3305.86,3333.96,3375.94,3476.9,3419.52,4243.95,4034.37,3468.31,3886.63,4226.93,4299.95,3509.41,3357.98,3401.04,3287.85,251.48,269.48,249.89,†,13800.67,13633.6,13779.42,13865.78,13962.52,14546.51,17748.46,18091.82
MAINE,ME ,11.44,11.23,11.39,12.16,12,12.23,12.24,12.22,15192.39,15417.56,15142.94,14826.48,15033.9,14760.1,14750.1,14857,486776646,442752509,426316135,409426367,386470227,394300010,1121333945,1081673976,1053652604,1015133273,993470638,964407233,36997.01,37330.2,36593.97,36566.78,36298.4,35983.1,35606.9,35241.1,6492.9,6514.9,6415.9,6600.8,6329.7,6170.8,5983.3,5742.7,698.44,731.25,629.98,624.6,567,515.4,476.6,426.8,0,0,0,0,316.07,308.6,308.22,309.04,0,0,0,0,263.63,257.3,254.68,255.16,595.7,592,580.5,583.2,0,0,0,0,595.7,592,580.5,583.2,579.7,565.9,562.9,564.2,188.4,183.8,181.7,186.7,194.3,194.8,192.8,194.8,262.6,281.6,287,306.6,303,304,300.6,307.5,730.2,721.47,687.16,676.9,672.5,639.3,638.7,628.9,734.08,742.57,719.69,699.6,725.7,713.7,704.2,704.4,1045.1,1026.3,991,982.4,966,955.9,921.4,940.2,1292.1,1295.93,1289.6,1327.3,1344.6,1433.1,1360,1392.7,4184.6,4248.6,4243.3,4098.4,4359.1,4316,3787.6,3869.1,101.9,115.4,510.7,†,5304.1,5391.42,5370.2,5382.7,5397.4,5481.5,5473,5383.5
MARYLAND,MD ,14.3,14.12,14.17,14.79,14.78,14.85,14.84,14.8,62236.47,62442.65,62276.32,61484.58,60698.9,60174.75,59703.26,59414.16,2597324794,2562343574,2457791833,2401862775,2387876046,2283910035,5889845349,5741218513,5498252289,5339718044,5256374627,5029476284,124961.46,123009.7,122260.61,121157.9,119786.4,118384.5,117749.6,116972.8,13362.81,12372.48,11963.23,11950.19,11678.67,11434.27,11149.98,11042.44,2234.48,2241.59,2191.82,2167.3,2103.43,1997.89,1939.19,1640.76,1377.51,1335.48,1297.07,1256.16,1212.89,1175.34,1155.18,1148.44,1412.08,1378.36,1364.9,1297.76,1261.9,1240.02,1220.8,1212.88,0,0,0,0,0,0,0,0,2789.59,2713.84,2661.97,2553.92,2474.79,2415.36,2375.98,2361.32,1138.96,1132.63,1132.73,1149.83,1148.33,1161.83,1178.24,1181.39,327.43,311.75,319.04,286.41,274.09,322.14,313.61,365.71,4497.34,4312.67,4246.2,4100.38,3926.09,3739.58,3708.49,3570.43,1871.76,1843.95,1911.44,1918.7,1959.04,1968.6,2060.23,2076.96,3829.34,3769.9,3697.28,3669.29,3674.43,3612.21,3591.97,3565.53,5808.12,5699.13,5661.8,5631.38,5644.29,5674.85,5811.95,5891.94,6698.2,6550.09,5009.4,4990.89,6978.79,6456.99,6289.33,6034.91,835.25,847.73,831.63,†,19051.12,18864.39,19077.82,19418.54,19506.14,19332.88,19389.11,19415.05
MASSACHUSETTS,MA ,12,12.07,12.27,12.77,13.03,13.15,13.32,13.39,76977.64,76328.75,75146.72,75152.19,73868.49,73381.11,72413.04,71969.18,3526820602,3333706546,3138480465,2995073124,2863534425,2641926450,7541799880,7381786435,7183911484,6952067619,6823131040,6656110749,144719.04,140800.7,136349.74,137601.6,134075,132726.6,130732,128290.8,27448.55,26488.91,25165.62,26922.62,26346.03,26065.39,26108.29,25529.6,604.38,566.5,515.77,532.84,492.56,469.41,448.22,429.43,1040.88,979.3,1000.12,948.5,932.25,927.61,925.23,920.36,1643.73,1568.84,1533.57,1514.34,1497.76,1449.8,1423.94,1428.72,0,0,0,0,0,0,0,0,2684.61,2548.14,2533.69,2462.84,2430.01,2377.41,2349.17,2349.08,636.88,611.52,555.45,616.11,621.15,644.29,665.75,658.69,1504.75,1478.22,1440.77,1391.1,1385.73,1346.05,1319.41,1312.45,2998.07,2899.31,2823.74,2757.39,2656.62,2640.3,2568.72,2206.97,3217.9,3093.34,2911.63,2985.65,2975.5,2880.09,2897.7,2828.34,6021.65,5908.76,5554.82,5531.66,5108.49,5050.85,4898.68,4815.61,5942.03,5411.34,5230.31,5280.85,5370.26,5414.58,5342.25,5484.6,11003.01,10647.83,10078.8,9068.44,12081.65,11316.77,10558.35,10484.24,1345.5,1348.73,1326.04,†,3255.43,2800.38,2586.83,2166.4,1817.15,1809.31,1641.94,1638.38
MICHIGAN,MI ,16.7,16.7,17.01,17.63,17.69,17.95,18.29,18.25,85879.91,86257.71,84317.37,84837.94,85015.36,84472.51,83597.16,84181.03,3863128003,3675338672,3574813315,3589951663,3414022666,3368888775,5460378660,5456347725,5347331323,5259198377,5203188382,5176561620,197233.19,192394.3,187360.03,191891,188752.6,184986,181556,181467.7,20753.45,19992.79,19657.68,21159.87,20965.39,20410.2,20096.65,19856.37,1959.08,1872.03,1826.03,1299.88,1311.66,1289.33,1311.77,1281.26,246.37,244.5,255.71,256.1,235.56,194.37,259.65,252.14,1671.43,1671.65,1655.37,1678.53,1650.78,1602.86,1501.79,1511.1,481.17,424.91,335.29,296.21,291.26,294.46,301.71,300.36,2398.97,2341.06,2246.37,2230.84,2177.6,2091.69,2063.15,2063.6,515,516.58,479.96,509.44,483.54,437.27,428.61,450.85,923.97,890.99,844.19,852.05,820.16,635.82,588.48,591.85,5734.45,5509.03,5400.29,4424.17,4286.03,4231.81,4209.22,4200.9,1349.94,1304.92,1208.51,1128.86,1189.39,1149.02,1115.12,1118.89,5109.35,4930.35,4714.28,6982.62,6889.32,6740.67,6603.24,6632.5,11842.79,11719.2,11503.09,11713.83,11430.9,11150.03,10909.65,10942.49,15420.09,14652.68,14223.26,13921.8,18367.82,16372.06,15437.71,15550.84,993.46,996.44,998.06,†,41405,39691.12,38726.49,40217.51,38763.17,37724.98,36409.71,36226.17
MINNESOTA,MN ,15.5,15.64,15.99,16.06,15.41,15.45,15.43,15.44,56123.8,55662.07,54535.32,55630.45,57698.44,57259.83,56714.54,55985.23,1880541190,1822928455,1745491099,1676788380,1613811117,1642236801,5432963955,5302828669,5158195860,4996739790,4835057765,4641311596,122702.07,121029.9,119323.15,122018.2,122643.7,121034.6,118632.5,117236.4,20719.68,20438.88,19928.95,20763.95,20236.02,19975.02,19620.66,18897.36,3088.32,3017.58,2856.76,2991.04,2966.12,2934.06,1730.42,2731.31,282.53,284.51,271.96,268.96,218.01,223.22,211.96,196.24,1317.11,1242.05,1201.47,1149.76,1141.4,1099.97,1115.66,1049.7,0,0,0,0,0,0,0,0,1599.64,1526.56,1473.43,1418.72,1359.41,1323.19,1327.62,1245.94,381.18,400.27,433.52,482.77,512.66,537.42,567.05,587.51,616.91,647.88,667.17,675.08,706.87,677.82,709.36,732.01,2671.73,2594.23,2612.84,2557.61,2500.3,2451.11,2365.55,2331.26,2173.77,2136.26,2167.06,2231.03,2065.37,2083.88,2235.02,2213.84,2798.62,2680.03,2665.76,2611.67,2619.23,2571.53,2530.69,2392.26,3748.91,3728.66,3739.06,3859.11,3890.89,3898.4,3905.85,3901.19,14979.24,14402.43,13822.6,13288.14,14982.26,14414.79,14495.93,14453.41,807.52,766.33,774.15,†,12989.73,13016.32,12973.2,13575.38,13109.11,12919.9,13103.13,12930.35
MISSISSIPPI,MS ,13.04,13.95,14.06,14.76,14.75,15.13,15.13,15.14,33767.64,31685.93,31479.63,31578.21,31962.71,31624.51,31924.48,32175.03,585379492,609154819,559153065,547078576,549816141,552237811,1766181317,1761415288,1691726866,1659642286,1658004979,1667459053,68991.9,66928.41,66058.28,67226.13,67299.47,67521.05,67582.96,67757.05,8308.18,8324.93,8084.52,8397.43,8331.24,8264.57,8171.82,8187.31,824.69,779.06,705.2,724.27,691.36,669.75,709.48,707.66,517.81,501.2,491.29,485.42,497.43,498.04,505.57,520.92,651.94,635.37,620.11,618.2,597.85,574.33,610.67,599.48,0,0,0,0,0,0,0,0,1169.75,1136.57,1111.4,1103.62,1095.28,1072.37,1116.24,1120.4,740.59,740.65,725.03,744.18,762.03,766.1,808.82,808.12,50.43,73.01,72.41,77.37,84.22,83.89,99.03,101.82,1022.94,1009.34,980.22,985.41,995.81,1011.77,993.32,976.05,2067.86,2078.36,2035.49,2094.05,2061.33,2076.69,2067.52,2076,2136.26,2116.1,2094.35,2118.9,2063.74,2043.6,2001,2003.26,2708.82,2596.82,2501.78,2539.34,2433.86,2484.15,2421.09,2409.23,3282.53,3225.34,3265.47,3206.36,3769.13,3763.32,3404.54,3318.67,45.95,47.57,47.21,†,12379.66,12576.75,12816.5,13479.75,13535.36,14198.31,14004.69,13985.81
MISSOURI,MO ,12.78,12.78,12.8,13.17,13.34,13.37,13.47,13.59,69837.57,69568.94,68923.84,69144.54,68498.46,68496.29,67926.23,67635.28,1323146311,1293133621,1252326215,1275526068,1213296436,1178623833,4160146586,4048820736,4001351001,4116763857,3973410517,3890460957,125838.43,126019.7,127265.31,125332.9,125331,125778.9,124665.9,128938.1,14541.05,14589.97,14203.86,14888.13,14221.9,14304.57,13571.81,13801.96,1626,1567.25,1548.62,1524.56,1447.56,1448.71,1422.92,1453.29,1224.14,1157.88,1128.33,1126.92,1140.58,1140.17,1118.28,1118.06,660.53,625.2,594.56,584.39,589.02,580.75,586.95,579.01,1089.76,1020.98,993.25,995.01,961.29,985.05,939.89,939.77,2974.43,2804.06,2716.14,2706.32,2690.89,2705.97,2645.12,2636.84,1299.76,1278.58,1302.6,1333.84,1359.63,1383.34,1385.84,1391.13,61.18,65.51,60.46,65.23,72.1,79.2,84.99,87.94,923.36,909.41,915.74,904,893.03,897.61,888.3,872.18,6367.94,6050.98,5690.53,5490.82,5970.23,6199.68,6161.72,7012.97,3667.59,3496.76,3537.35,3526.29,3430.41,3379.25,3292.6,3288.04,248.83,283.94,239.71,267.72,288.75,250.13,251.51,248.29,5803.58,5725.23,5412.02,5313.99,6296.74,5750.79,5737.17,5456.66,466.16,446.21,453.67,†,17527.82,19207.28,21935.62,19576.83,20654.46,20908.9,21622.88,25196.23
MONTANA,MT ,13.66,13.6,13.37,14.04,14.07,14.21,13.87,13.96,11035.53,11041.84,10941.68,10675.42,10575.24,10515.4,10555.18,10412.36,231675009,220674047,215511959,208789395,201944827,195580647,752940928,710526834,694134296,673528732,660423782,643783394,22016.7,22301.99,22026.81,21733.98,21388.27,21223.24,21233.32,21329.5,2879.94,3077.8,2984.77,2954.28,2835.38,2716.79,2680.29,2632.5,228.11,209.92,205.65,200.18,208.84,207.57,183.08,163.17,345.67,338.51,333.1,330.61,320.42,314.45,311.33,291.85,168.26,171.81,169.72,163.85,158.11,163.49,163.02,157.01,0,0,0,0,0,0,1,0,513.93,510.32,502.82,494.46,478.53,477.94,475.35,448.86,363.32,370.52,362.42,372.71,365.21,375.05,365.9,367.63,–,–,–,–,–,–,–,–,496.25,492.27,488.92,486.26,486.65,483.3,441.22,428.56,43,45.67,22.29,25.4,678.3,687.01,752.48,716.11,548.85,551.26,545.95,550.22,535.11,527.29,519.89,523.24,0,0,0,0,755.56,734.43,771.64,728.11,757.75,749.44,686.93,989.16,651.25,662.91,651.34,620.49,131.02,129.07,131.44,†,5125.5,5210.41,5189.53,5225.13,3711.7,3749.02,3801.36,3919.8
NEBRASKA,NE ,13.77,13.52,13.56,13.73,13.65,13.62,13.52,13.56,23910.92,24229.69,23943.47,24028.25,23911.6,23771.26,23610.86,23308.3,701098829,667451327,653723788,652225468,660061259,583657587,1807813738,1746623247,1732907400,1740122782,1679452580,1637339413,48503.66,49407.32,49010.48,48201.91,48649.28,48012.22,47979.08,47291.81,6795.68,7073.26,7173.03,7074.4,7272.5,6544.21,7006.14,6837.54,711.69,732.73,709.07,745.93,724.44,766.81,809.02,807.7,519.35,502.27,471.31,476.77,440.43,434.88,432.11,409.22,426.38,417.9,408.25,410.3,408.03,406.78,404.86,421.76,0,0,0,0,0,0,–,0,945.73,920.17,879.56,887.07,848.46,841.66,836.97,830.98,512.28,519.2,532.99,535.21,534.36,539.83,541.88,549.55,371.63,399.47,395.24,393.37,393.07,427.09,405.23,428.7,884.35,841.91,749.23,686.19,678.31,673.1,655.6,629.14,1145.88,1196.42,1193.04,1237.54,1265.72,1302.14,1285.65,1353.13,1155.88,1127.74,1118.56,1114.22,1098.07,1093.98,1092,1081.06,1635.48,1703.94,1666.9,1582.18,1577.48,1483.39,1507.5,1491.16,1692.7,1633.23,1599,1561.2,1533.28,1484.36,1479.76,1411.02,350.48,355.5,334.14,†,8550.38,8822.93,8835.49,8172.43,8652.57,8935.52,8629.23,8413.35
NEVADA,NV ,20.98,–,20.31,19.48,21.2,20.49,19.99,20.59,23076.46,–,23746,25508.5,23240,23708.98,23704.67,22702.01,771303781,757434020,697556716,679995047,669524658,640136966,1836424953,1793178629,1695135902,1657270909,1648454941,1565794448,47824.11,–,47106.5,48718,27004,35847.83,35878.12,26429.51,6985.5,–,6559.5,6847,–,6195.97,6105.64,–,1935.19,–,1627,1773,596,35.5,48.7,–,338.5,–,349,334,316,336.5,333,327,647.2,–,648,616,533,564,567,575.5,75.67,–,88,91,67,115,75,62,1061.37,–,1085,1041,916,1015.5,975,964.5,366.5,–,258,278,257,298,310,328,384,–,404,401,–,159.11,208.32,–,54,–,60,54,46,38.4,37.1,41,1476.5,–,1506,1504,–,78.82,87.66,–,1558.9,–,1529,858,1155,1194,1175.5,1151,2889,–,2615,2406,–,1663.05,1719.28,–,794,368.5,390.6,338,436.89,–,560,456,252.8,–,244,†,7347,–,6913,7353.5,–,1092,1115.65,905
NEW HAMPSHIRE,NH ,11.47,11.62,11.42,12.07,12.19,12.3,12.26,12.35,14731.4,14626.2,14799.9,14694.5,14643.5,14588.8,14759.6,14769.7,569257192,552247032,544585784,534917929,510292736,499635755,1163015697,1141871378,1124194464,1105557600,1085209066,1070727218,31197.64,31062.24,32055.64,32018.2,32338.9,31618.2,31622.2,31980.4,5578.9,5719,5997.5,6293.1,7061.4,7142.6,6979.5,7044,266.2,255.4,225.4,282.88,277.88,270.63,272.56,273.08,517,484.4,466.5,456.6,455,458.1,443.6,471.3,333.9,332.4,346.9,370.9,361.6,367.2,378.8,357.1,0,0,0,0,0,0,0,0,850.9,816.8,813.4,827.5,816.6,825.3,822.4,828.4,318.6,327.3,325.8,333.1,333.6,322.5,324,320.6,185.9,190.1,215.1,211.5,224.2,231,207.3,228.1,801.53,754.9,739.54,742.87,690.2,758.2,752,757.7,704.77,703.39,734.42,723.26,753.5,762.6,746.5,726.1,832,810.4,814.8,539.63,529.02,526.67,517.24,495.72,1239.8,1212.7,1303.7,1251.8,483.88,545.78,531.33,507.86,766.72,687.42,715.37,729.54,1327.26,1249.95,1360.21,1263.48,217.48,204.7,225.97,†,4142.9,4191.4,4499.9,4634,5758.4,4956.7,4994.4,5299.6
NEW JERSEY,NJ ,11.76,11.72,11.79,12.06,12.05,12.19,12.19,12.25,117661.34,117126.8,116530.03,117059.8,116188.6,115496.09,115728.83,114968.5,6380954753,5746849655,5591787456,5191035812,4888506533,4594280029,10126087844,10063819356,9821295810,9612214537,9803634569,9674517092,244531.03,238901.1,238613.61,242253.7,240766.3,238785.4,237560.7,236558.3,42605.24,40584.23,40780.05,41241.29,39938.29,39356.28,37852.17,37614.98,4289.43,4056.76,4042.06,4058.09,4002.47,3835.57,3877.64,3964.29,0,0,0,0,1941.11,1898.13,1908.06,1910.85,0,0,0,0,1975.06,1911.52,1916.2,1905.55,4499.73,4286.07,4071.62,4057.74,0,0,0,0,4499.73,4286.07,4071.62,4057.74,3916.17,3809.65,3824.26,3816.4,1184.74,1206.18,1216.14,1255.43,1289.97,1333.3,1381.53,1415.06,0,0,0,0,0,0,0,–,1525.12,1477.32,1474.44,1447.75,1462.39,1455.49,1466.85,1405.58,5615.82,5329.28,5419.9,5477.19,5499.46,5502.78,5465.27,5511.62,5565.3,5438.69,5256,5316.02,5332.46,5214.93,5234.38,5068.77,9638.78,9298.38,9419.65,9567.59,9517.21,9587.31,9896.94,9922.08,13713.69,13452.48,13516.14,13348.65,12432.67,11995.04,11807.19,11897.23,2087.56,2067.67,2085.03,†,37425.3,36034.62,36511.5,38840.4,39905.6,39741.51,39316.7,39522.37
NEW MEXICO,NM ,14.6,14.75,14.68,15.16,15.78,15.85,15.76,15.45,21571.55,21475.09,21576.65,21849.97,21139.21,21091.98,21331.02,21721.65,499209692,490994344,457035774,442361780,450509983,443880915,1442754434,1431186103,1317786882,1255124951,1282898163,1284540518,38218.41,37362.8,37344.19,38220.53,37300.81,36472.74,36506.27,37572.54,6207.44,5822.01,5783.33,6200.52,6106.21,5817.97,5665.92,5884.01,282.89,280.88,258.09,273.91,394.19,360.32,374.53,385.48,270.96,271.21,273.32,275.34,266.21,258.37,265.31,276.46,424.06,434.65,436.9,421.51,435.41,428.74,427.64,430.89,7.55,6.94,5.35,5,4,3,6,5.75,702.57,712.8,715.57,701.85,705.62,690.11,698.95,713.1,208.56,207.64,190.57,211.35,209.92,216.58,223.48,232.47,104.88,99.85,118.13,127.92,127.94,132.01,140.05,136.98,280.53,252.42,233.29,243.66,236.24,205.71,200.69,216.31,31.11,29.24,27.83,30.48,33.95,31.51,31.51,34.46,1240.18,1237.77,1229.95,1221.15,1176.5,1125.15,1138.2,1184.24,2026.74,2091.27,2016.37,2007.4,1968.62,1920.47,1919.5,1976.41,1506.42,1344.63,1350.91,1416.96,1766.06,1624.51,1585.57,1536.14,19.62,15.99,15.91,†,3776.28,3513.33,3592.93,3796.43,3695.99,3536.3,3431.51,3670.47
NEW YORK,NY ,11.74,11.85,12.21,12.39,12.73,12.78,13.05,13.16,215761,215092.2,213537.44,217398.4,212156.9,213158.85,209151.31,206086.1,12805345801,13070553080,13529567470,13086262810,13445450593,13224238070,25947640292,26040438496,25646666922,24297034293,25538665624,24955914396,431550.51,424878.7,416714.14,426192.3,399118.3,425291.6,386801.3,372692.5,76573.1,75130.6,76367,78629.3,46846.7,67566.5,44762.7,43976.8,7052.52,6282.51,5876.99,6385.83,2468.44,2671.38,1875.96,1687.74,1566.97,934.32,1400.64,1373.28,1644.84,1607.39,1330.76,1190.11,3126.72,2365.48,3240.67,3186.44,7733.47,7739.81,6193.83,5742.41,2953.11,2240.12,2804.96,2905.32,0,0,0,0,7646.8,5539.92,7446.27,7465.04,9378.31,9347.2,7524.59,6932.52,1080.25,1043.85,955.58,539.15,2553.65,2592.98,2335.79,2407.34,1136.3,1108.2,1069.2,1156.2,1117.7,1121.7,1146.2,1154.2,4208.68,4118.22,3953.94,4247.78,4447.93,4384.23,3062.48,3004.38,24194.8,24064.6,23683.8,23901.5,18302.8,21058.2,20318.5,18735.1,9290.02,9592.92,9617.37,9976.21,13233.56,13074.76,11138.18,10257.73,3056.5,2899,2356.9,2749.3,11491.95,10328.29,8306.02,7353.8,15104.81,15115.77,11651.45,11011.62,13094.19,12473.71,11667.86,11783.98,4024.44,4095.04,4086.89,†,64431.9,63437.9,56094.9,57773.6,62015.52,64871.78,65528.08,60085.17
NORTH CAROLINA,NC ,15.42,14.95,14.98,15.48,15.49,15.47,15.47,15.55,99979.81,102033.6,101057.02,100776.9,100220.3,100400.79,100219.61,99354.57,2551729100,2419463469,2328925513,2148967578,2014734967,1895979682,6594875216,6475312158,6424001715,6142486971,5972552349,5810077695,195127.4,194531.8,190726.46,194617.8,193980.2,193798.2,193031.4,190855,22059.08,21123.34,20988.11,22102.37,22241.01,22366.06,22410.12,21900.25,1278.97,1263.63,1169.56,1146.02,1189.41,1208.53,1192.66,1226.01,1939.87,1919.42,1884.44,1778.51,1724.56,1660.38,1646.95,1590.24,2424.5,2710.03,2620.83,2584.27,2557.1,2534.87,2459.41,2430.83,132.74,190.91,132.52,111.6,108.98,105.03,105.65,103.09,4497.11,4820.36,4637.79,4474.38,4390.64,4300.28,4212.01,4124.16,1983.09,2018.78,2023.42,2024.77,2043.05,2127.45,2128.17,2157.85,159.65,185.87,212.71,227.61,227.34,243.3,213.72,184.54,1946.47,1871.29,1784.59,1748.31,1721.77,1710.65,1685.33,1664.44,5995.31,5891.33,5691.15,5703.03,5747.71,5688.39,5672.94,5524.01,6330.26,6403.89,6108.52,6085.68,5984.47,5933.44,5903.43,5808.42,7017.6,6929.65,6916.43,6962.07,6958.75,7008.69,7099.75,7093.01,11713.26,11420.22,11077.36,10827.34,12601.12,11964.58,9249.09,9110.84,780.69,801.81,2817.88,†,30498.24,29223.64,28070.19,31540.36,31542.48,31390.39,31216.28,30990.43
NORTH DAKOTA,ND ,12.37,12.26,12.14,12.52,12.02,12.06,11.84,11.82,9581.08,9530.63,9472.82,9283.6,9470.08,9283.52,9265.3,9194.74,279119674,263975012,246068490,237450303,231437847,221357132,712519332,670898825,648878958,623710941,616846428,590288149,19972.41,19803.27,19480.98,19132.64,18913.91,18598.55,18412.31,17983.32,3391.29,3372.41,3251.51,3217.21,2863.85,2849.1,2734.89,2540.33,269.3,244.59,222.69,219.98,276.5,201.59,232.87,224.89,0,0,0,0,238.27,228.64,222.97,220.93,0,0,0,0,147.61,140.74,137.75,137.65,398.17,397.46,386.81,385.95,0,0,0,0,398.17,397.46,386.81,385.95,385.88,369.38,360.72,358.58,177.31,179.29,174.58,177.48,187.68,190.31,190.04,191.54,183.69,183.69,185.08,195.78,197.01,199.02,210.46,205.33,531.24,519.19,532.49,526.23,514.24,516.14,503.87,497.85,350.9,326.9,315.01,304.58,295.21,286.94,284.6,274.23,546.4,560.73,520.41,512.59,503.24,498.41,493.41,478.36,616.09,622.27,589.73,578.43,574.23,571.33,564.05,570.27,971.18,941.98,909.95,892.8,1061.51,995.71,952.17,915.53,73.45,72.15,65.26,†,2791.98,2798.25,2812.42,2746.63,2674.81,2690.83,2662.15,2554.4
OHIO,OH ,16.42,16.93,16.27,15.94,16.67,17.23,16.67,16.87,102322.67,99442.04,101147.65,105997.9,101739.4,98912.16,102600.18,101741.9,3272837384,3218605760,3094643704,2978669367,2868220147,2775349021,8813343919,8624909409,8354856326,8049163822,7852213257,7526394035,311504.8,310048.9,320877.72,340436.5,328089.9,323565.8,325387.2,322611.2,25302.79,24222.6,24685.54,26713.63,24444.67,23002.37,22053.38,21600.54,2103.98,2064.36,2068.43,2315.56,2410.65,2374.41,2523.87,2592.37,0,0,0,0,1617.29,1571.51,1555.76,1580.49,0,0,0,0,2328.24,2272.72,2265.9,2300.19,4451.54,4209.7,4082.12,4133.97,0,0,0,0,4451.54,4209.7,4082.12,4133.97,3945.53,3844.23,3821.66,3880.67,684.32,701.86,722.72,803.17,785.87,803.04,830.25,869.07,1426.94,1453.42,1517.43,1568.79,1581.46,1589.96,1576.98,1573.79,2732.09,2716.84,2685.78,2700.16,2645.21,2610.16,2570.79,2501.69,14656.4,14624.09,14171.34,15254.27,14534.13,14784.5,14365.04,14413.97,5857.16,5712.78,5671.74,5930.28,5540.38,5457.66,5380.67,5463.99,12364.6,11738.17,11669.92,12820.18,12499.84,12374.92,12384.08,12514.4,27620.55,27169.63,27110.48,26170.02,30163.74,28605.17,27668.83,28176.27,2027.7,2005.36,2002.07,†,107410.76,112552.4,122784.04,131927,130342.2,130642.77,130169.77,129288.7
OKLAHOMA,OK ,16.65,16.21,16.1,16.25,16.46,16.71,16.89,16.32,42124.4,43090,43110.11,43315.18,42447.9,41596.76,41089.67,42452.42,857089192,840667628,799933478,716169635,695510658,696168233,2717194243,2629816376,2502462034,2171164906,2124218031,2163799235,88939.11,89089.45,87840.15,88901.08,86709.43,85021.33,84114.66,85914.69,11757.44,11404.65,10953.51,11286.85,10669.28,10231.88,9949.71,10051.1,492.17,430.81,398.23,375.01,349.09,333.64,318,339.48,798.1,803.84,723.2,714.94,692.63,664.35,642.72,652.02,1134.16,1159.06,1020.52,999.24,967.23,939.92,939.71,959.13,0,0,0,0,0,0,0,0,1932.26,1962.9,1743.72,1714.18,1659.86,1604.27,1582.43,1611.15,883.97,883.39,879.82,890.08,900.89,900.44,923.74,1000.06,680.06,668.79,656.76,687.01,675.57,687.79,698.44,793.7,913.49,886.17,853.65,819.41,817.39,833.08,850.67,605.1,3211.06,3119.57,3053.07,3086.27,3046.38,3088.19,3065.4,3057.59,2563.62,2521.39,2487.2,2372.83,2329.86,2273.1,2236.23,2328.04,3870.64,3881.57,3797.51,3739.34,3869.99,3767.3,3624.26,3730.07,5136.13,4771.44,4661.54,4948.27,6101.45,5951.8,5556.4,5474.04,161.84,167.92,168.44,†,14246.71,14120.49,14181.73,15005.56,14807.09,14933.44,15114.57,14997.55
OREGON,OR ,17.87,17.48,18.22,20.2,20.21,20.33,19.46,19.82,30906.33,31628.81,30785.93,30237.56,30151.69,29909.17,29755.96,29086.1,1561619054,1514478499,1373030391,1321895254,1186291338,1138170892,2532799649,2457457805,2407936486,2323164810,2239093811,2144702209,76888.83,73568.57,70065.4,70068.73,70802.33,68520.29,68088.74,65927.7,12056.63,11735.44,11101.46,11985.27,11828.69,11515.5,11178.2,10467.85,774.88,739.26,514.48,496.76,555.06,552.81,530.58,493.83,0,0,0,0,744.39,721.38,666.84,645.23,0,0,0,0,578.15,533.95,495.6,481.91,1599.63,1626.19,1498.79,1359.89,0,0,0,0,1599.63,1626.19,1498.79,1359.89,1322.54,1255.33,1162.44,1127.14,159.89,158.35,146.7,150.9,164.73,158.64,161.81,163.53,680.95,680.04,668.07,710.73,696.54,689.06,707.4,726.01,539.82,545.25,501.78,471.75,498.19,480.59,486.45,463.64,2681.8,2707.4,2596.17,2565.97,2517.62,2575.21,2586.14,2585.88,1975.05,1974.2,1856.82,1842.67,1774.78,1740.64,1716.03,1655.86,4163.26,4134.33,3971.06,3950.29,4055.33,4149.33,4165.34,4008.9,3026.97,3063.1,2853.4,2683.52,3001.49,2840.76,2596.93,2768.28,381.41,390.17,394.08,†,17967.71,14408.38,13433.13,13160.66,14210.18,12430.89,12785,12465.45
PENNSYLVANIA,PA ,13.33,13.42,13.63,13.94,14.03,14.16,14.1,14.21,127037.02,126344.5,125028.25,124293.9,123350.4,121917.67,122551.85,120892.6,6586159145,6421247151,6238290595,6057829404,5724229493,5305249972,10315137065,10146621506,9889284341,9648426122,9396614604,9192617201,251376.94,250848.3,250033.48,252559.3,249286.8,244015.4,247298.7,241547.6,32334,32096,32432,33802,32970,31419,31759,31340,2023.41,1934,1912.99,1885.26,1831.9,1738.21,1672.52,1633.64,0,0,0,0,1835.77,1783.47,1778.2,1668.18,0,0,0,0,2850.84,2766.72,2756.21,2648.73,5115.03,4949.06,4835.06,4817.21,0,0,0,0,5115.03,4949.06,4835.06,4817.21,4686.61,4550.19,4534.41,4316.91,1494.84,1494.61,1521.78,1588.63,1599.38,1633.26,1671.03,1719.26,1200,1277,1318,1401,1388,1381,1514,1559,2709.02,2690.44,2661.42,2683.81,2485.3,2447.42,2481.49,2435.36,8324,7742,7573,7560,7436,7256,7401,7182,5917.56,5750.56,5553.74,5545.16,5429.87,5319.46,5194.87,4990.52,9793,9985,9809,9960,9615,9264,9427,9609,9880.32,9633.23,9322.51,8178.3,8805.76,8960.57,8774.06,8693.44,1656.3,1632.62,1642.18,†,44967,45992,46972,48722,48614,47456,49769,47691
RHODE ISLAND,RI ,12.74,12.86,13.05,13.41,13.34,13.38,13.3,13.36,10785.53,10774.3,10669.04,10703.64,10749.13,10686.99,10688.74,10631.38,489123766,475142685,459360559,439414405,433086916,420972497,966085570,960788567,937636911,915654635,892528833,870707558,20867.97,20731.24,20341.71,20519.46,20513.95,20376.41,20233.14,19482.81,2782.88,2770.69,2658.55,2751.56,2743.03,2661.62,2567.28,2370.61,243.45,246.87,211.3,236.56,221.84,212.01,202.07,186.72,76.35,71,55.7,66.3,63.6,64.3,65.76,67.6,291.02,285.87,280.72,281.57,278.27,275.9,274.3,267.57,0,0,0,0,0,0,0,0,367.37,356.87,336.42,347.87,341.87,340.2,340.06,335.17,168.01,169.96,176.16,183.5,193.86,202.03,201.87,193.22,11.6,9.25,10.2,14.84,15.77,23.5,0,0,375.14,330.39,337.17,311.87,303.15,296.88,286.72,265.92,571.16,555.42,508.4,518.2,535.66,539.75,552.55,547.25,626.82,596.44,574.4,590.92,590.03,548.55,551.81,538.71,698.28,711.17,718.85,720.81,724.05,723.45,714.65,660,2097.36,2130.41,2100.04,2011.65,1902.57,1954.74,2000.08,1974.19,192.84,181.54,178.08,†,2142.32,2073.6,1963.06,1986.37,1998.2,2011.02,2027.35,1742.18
SOUTH CAROLINA,SC ,14.11,14.07,14.28,14.69,14.81,14.82,15.19,15.2,55946.58,55488.77,53702.97,53556,52729.5,52466.8,50789.4,50236.8,1377279209,1329182482,1241633935,1158711036,1075491033,1027856244,3354485602,3198816923,3037153303,2983636469,2922020854,2842957939,118838.6,115808.8,100166.2,98586.7,89964.47,88409.65,87313.75,78107.8,14992.29,14389.97,12593.65,13143.6,12193.7,11834.7,11384.8,11143.4,1887.07,1782.69,1567.55,1533.4,1477.7,1533,1479.5,1482.4,1512.96,1459.7,1424.11,1407.1,1376.7,1351.9,1322.2,1273.4,943.11,916.35,857.95,862.5,851.2,853.4,824.5,805.7,0,0,0,0,0,0,0,0,2456.07,2376.05,2282.06,2269.6,2227.9,2205.3,2146.7,2079.1,1089.65,1091.55,1086.4,1099.4,1095.6,1112.7,1078.3,1086.5,650.83,669.6,597.75,594.8,500.5,467.3,455.1,439.7,1210.45,1140.6,945.2,956.9,872.7,863.7,808.3,767.3,6155.46,5746.56,4103.53,3730.2,2916,2584.5,2332,2351.9,3705.77,3587.44,3491.8,3494.4,3365.9,3336.4,3207.4,3151.2,5983.11,5756.84,4077.35,3386.1,2600.3,2532.5,2073,1812.1,2954.4,2926.2,3703.5,3555.9,2858.66,2785.05,2502.86,2487.1,608.98,584.28,573.31,†,21293.7,20409.4,12641.8,11778.5,7030.27,6546.55,7855.75,1.5
SOUTH DAKOTA,SD ,13.83,13.83,13.93,14.09,14.09,14.02,13.94,13.93,10261.46,10216.25,10020.18,9929.61,9865.42,9832.61,9777.16,9638.25,177956211,175793143,171221776,167924302,162846137,148722799,617322796,586088180,575515528,565085709,552512658,492307503,20941.94,20662.32,20184.39,20167.51,19814.41,19787.34,19732.3,19543.17,3124.11,3101.52,3027.65,2985.03,2901.78,2876.89,2711.09,2644.64,142.12,137.84,123.9,139.55,123.97,141.4,170.05,207.85,0,0,0,0,234.93,226.12,226.91,221.92,0,0,0,0,134.22,127.91,126.49,123.59,418.08,400.43,384.9,379.73,0,0,0,0,418.08,400.43,384.9,379.73,369.15,354.03,353.4,345.51,61.7,64.5,66.38,69.65,96.18,96.29,98.73,101.18,60.55,61.41,63.41,63.38,62.95,64.03,72.85,84.78,833.23,776.99,767.58,744.9,714.03,710.29,736.75,717.51,380.38,359.13,339.67,347.23,344.91,353.1,367.1,371.6,480.79,459.6,455.42,445.68,456.47,459.06,453.07,439.63,600.53,562.28,548.69,552.43,549.24,546.73,574.16,589,1002.65,1010.41,1035.76,981.33,1025.57,991.05,931.37,1060.55,97.11,85.7,86.29,†,3456.31,3445.62,3368.95,3365.88,3327.66,3342.5,3382.18,3421.89
TENNESSEE,TN ,15.3,15.39,15.24,15.66,15.72,15.65,15.58,15.06,65780.77,64747.23,64667.05,64784.2,64116,64019.4,64270.3,66488,1400136451,1370511475,1367137812,1306080863,1258410350,1205592521,4225689860,4055707393,3965062405,3892121512,3791470169,3665541150,130887.16,131228.9,131078.64,135256.8,133504.2,131312,128322.7,128468.5,17248.5,17810.4,17619.9,16855.2,17547.5,17395.8,17000.5,16417.4,2427.06,1937.93,1452.94,1773,1646.8,973.9,812.4,817.4,0,0,0,1579.8,1470,1361,1115.5,1129.1,0,0,0,891.8,917.8,887.6,1006.6,1011.4,2302.65,2174.6,2135.8,896.3,826,796.5,870.1,839.2,2302.65,2174.6,2135.8,3367.9,3213.8,3045.1,2992.2,2979.7,1413.26,1372.89,1333.19,1525.7,1532,1536.2,1508.9,1724.8,417.5,408.4,443.9,453.2,454.4,412.9,460.4,459.8,281.12,259.6,258.49,403.3,347.7,401,258.2,213.2,3792.9,4212.5,3952.2,2652.8,1267,1493.7,1282.2,1366.5,3829.05,3679.68,3691.39,3885.2,3857.4,3859.8,3664.8,3642.9,4174.43,4467.02,4433.33,4316.5,5656.3,4971.8,4778.7,4811.9,4625.5,4151.6,3192.9,1550.3,3535.72,3517.59,3274.46,4714.8,557.5,562,523.5,†,25126.7,26079.1,27292.5,29989,29239.8,29050.8,28101.2,27996.6
TEXAS,TX ,14.78,14.63,14.49,15.08,15.11,15.14,15.19,15.26,373332.35,371002.3,370718.5,364478.4,359575.9,356877.48,352808.91,347328.6,4838377709,4650339383,4203230905,4079416088,3794494752,3664959920,26238573126,25152105810,23645309262,23247112711,22537224218,22035575203,768027.93,755800.9,749124.75,738419.5,722635.7,713763.8,707172.5,690077.3,86502.96,83298.09,79671.69,78376.97,74546.94,72123.35,68211.24,66089.41,4702.19,4690.63,4640.95,4488.39,4284.2,4244.7,3845.41,3839.89,0,0,0,0,5043.56,4954.2,4827.14,4798.36,0,0,0,0,7807.29,7592.06,7295.88,7144.35,14181.28,13910.95,13695.58,13345.15,0,0,0,0,14181.28,13910.95,13695.58,13345.15,12850.85,12546.26,12123.02,11942.71,4447.04,4384.81,4485.48,4563.06,4604.8,4625.97,4605.87,4576.8,1447.55,1532.5,1570.77,1626.52,1665.91,1747.32,2081.35,2200.6,8415.16,8014.45,8277.71,7773.47,7571.9,7231.8,6891.16,6532.08,28901.03,27433.12,26085.34,24426.76,23630.55,22770.22,26097.52,25087.03,27766.77,27820.61,29106.03,28339.28,27900.65,27346.89,26172.11,25580.12,28684.56,28333.03,28297.46,28050.51,27086.47,26875.04,26213.93,25628.76,27435.22,25990.02,28011.1,26746.56,33102.2,31216.35,27885.88,26541.56,2395.91,2322.39,2159.81,†,154148.93,151841.7,152529.55,154340.8,151482.4,151384.7,150110.88,144524.8
UTAH,UT ,22.2,22.39,–,22.63,22.75,22.88,22.88,22.85,31163.98,30860.44,–,30255.81,29753.4,29211.6,28841.23,28347.7,1037924482,982259328,924841889,885401419,846311189,810108139,2405526777,2216388745,2069794309,1946798534,1831170326,1748837217,‡,‡,–,61023.15,59922.01,60086.41,59324.58,56145.98,–,–,–,10308.42,10193.05,10061.21,9933.64,8890.67,2821.75,2816.79,–,2398.9,2307.36,2199.24,2171.36,1985.61,323.34,300.69,–,259.92,205.26,156.73,154.74,162.34,1064.54,1038.42,–,991.54,939.88,875.34,864.24,789.73,0,0,–,0,0,0,0,0,1387.88,1339.11,–,1251.46,1145.14,1032.07,1018.98,952.07,239.22,233.8,–,228.48,227.71,229.46,226.55,252.32,–,–,–,550.97,544.8,537.76,530.94,414.8,471.73,453.18,–,431.03,409.27,925.46,913.73,408.61,–,–,–,1711.62,1692.46,1670.57,1649.39,752.44,1810.85,1711.57,–,1674.01,1630.01,1544.52,1524.94,1431.04,–,–,–,2224.59,2199.69,2171.24,2143.71,2380.74,1291.67,2086.13,2059.68,1207.8,–,–,–,–,1539.41,1462.11,–,†,–,–,–,8623.97,8527.45,8417.15,8310.43,9122.2
VERMONT,VT ,10.54,10.54,10.31,10.79,10.47,10.59,10.8,10.45,7933.86,7965.36,7989.43,8042.2,8316.97,8313.18,8186.57,8338.37,387895429,371182177,321239180,316833637,317301992,291342205,646346476,652218804,630036233,620192189,613349509,599677948,18978.4,18878.84,18544.54,18695.47,18232.87,18268.18,18048.34,18183.12,3588.22,3578.48,3570.03,3934.71,4004.49,4042.79,4044.01,3937.81,614.11,579.72,560.38,473.86,318.14,280.97,254.17,265.11,231.08,217.31,204.64,197.23,210.42,203.45,191.46,191.02,241.34,234.43,238.32,233.74,246.12,245.33,246.58,259.51,0,0,0,0,0,0,0,0,472.42,451.74,442.96,430.97,456.54,448.78,438.04,450.53,203.86,205.48,202.8,205.43,197.24,204.47,210.91,209.38,51.3,57.42,69.63,70.96,133.7,167.35,167.2,185.98,192.02,183.7,175.79,172.9,126.99,131.74,131.3,133.83,586.44,581.19,549.27,573.72,503,488.45,472.86,463.19,572.72,570.85,551.46,554.73,482.79,497.27,492.73,494.89,783.59,802.97,803.38,785.46,664.96,692.51,660.87,693.59,1049.8,1029.9,987.62,963.49,1962.78,1856.58,1622.65,1502.32,93.87,91.7,84.23,†,1923.21,1953.65,1922.53,1864.8,1978.25,1970.77,2002.06,2046.95
VIRGINIA,VA ,13.6,14.38,14.38,14.88,14.82,15.03,14.05,14.22,92651,86917,87049.37,87146.89,86973.59,85936.47,91627.58,90255.26,2922564362,2808559568,2727374445,2711606494,2499817949,2366965487,6859089465,6813334766,6575381635,6355683386,6256908236,6054755106,200810.75,135921,185836.86,186268.5,185858.1,183484.8,180091.2,178550.5,27403.75,3674,19574.75,20165.82,20134.04,19676.1,18615.77,19132.24,9171.25,2997,1893.9,1830.82,1982.45,2082.05,1906.95,1840.19,1754.25,1552,1523.6,1468.32,1374.65,1281.88,1318.02,1211.87,2615,2279,2168.35,2162.01,2152.45,2099.29,2062.62,1928.67,0,235,248.25,236.61,205.05,194.79,182.1,193.78,4369.25,4066,3940.2,3866.94,3732.15,3575.96,3562.74,3334.32,1837.75,1799,1779.53,1814.44,1791.53,1781.74,1806.9,1692.57,1007.25,192,1782.05,1652.75,1716.73,1734.53,1677.64,1744.52,3949.25,3863,2419.91,1994.47,1925.05,1876,1866.67,1830.6,5416,4851,4941.41,4600.89,4539.02,4411.33,4357.66,4248.12,4875.25,4589,4424.12,4398.46,4356.89,4333.04,4269.87,4234.53,6327.5,813,6961.12,6705.37,7037.99,6905.12,6973.83,6590.72,12258.31,12436.14,4967.57,4680.02,21456.25,10508,12234.79,12812.31,1034,897,819.82,†,21312.25,10755,38015.89,38233.76,39410.32,38736.28,38457.97,38967.41
WASHINGTON,WA ,17.23,17.99,17.59,18.36,18.17,18.45,18.73,18.76,63271.68,60147.42,61810.07,62212.47,61837.41,60183.24,58815.27,57942.31,2619377454,2489436293,2339261575,2080377985,1826380463,1732670553,6537695969,6405869913,6235936017,5418812749,5000463370,4685619205,124332.33,92003.49,100972.63,103506.5,102940.4,99520.3,94685.15,94882.75,13614.29,8709.48,12313.84,13804.11,13575.05,12883.48,10607.71,11730.68,4147.37,3688.69,4020.95,4048.07,4051.65,3733.72,3401.28,3324.08,1082.93,857.2,833.18,841.5,823.43,741.24,710.62,655.54,1843.73,1732.19,1631.56,1612.21,1595.59,1544.16,1496.1,1475.08,0,0,0,0,0,0,0,0,2926.66,2589.39,2464.74,2453.71,2419.02,2285.4,2206.72,2130.62,854.53,820.18,792.59,848.97,1031.83,1067.23,1126.71,1108.12,0,0,0,0,0,0,0,530.14,1534.58,1514.21,1462.63,1422.73,1461.08,1455.68,1281.58,1322.42,3119.7,2036.3,3310.22,3398.21,3424.23,3367.77,3268.61,3045.81,3737.97,3715.5,3623.39,3593.67,3597.28,3498.94,3371.33,3214.89,5065.37,3034.73,4845.25,5064.26,5060.15,4955.95,4885.63,4855.32,3877.29,3647.91,3487.22,3383.8,3491.78,3106.86,3117.58,2941.53,1066.51,1105.55,1117.06,†,21501.9,1535.18,2094.31,2618.36,2605.4,2440.98,2233.09,2294.56
WEST VIRGINIA,WV ,13.46,13.5,13.63,13.98,14.17,14.15,14.15,14.11,18669.66,18723.58,18629.99,18853.7,18911.6,19238.61,19356.2,19664.32,541179981,564735464,573500730,566420874,558286227,526002741,1172685118,1175303894,1134808980,1086169734,1104748019,1122269200,37924.57,37649.15,36910.7,37261.75,37140.04,37602.66,36884.91,38452.22,4056.9,3759.18,3529.97,3649.5,3601.68,3611.73,3595.79,3663.07,390.89,408.11,387.01,382.81,372.08,372.89,409.5,400.68,328.6,316.8,291.4,286.43,268.91,267.47,266.7,260.93,488.8,505.6,490.1,476.91,464.08,458.86,462,469.9,0,0,0,0,–,0,0,0,817.4,822.4,781.5,763.34,732.99,726.33,728.7,730.83,184.14,185.14,200.59,208.69,223.24,243.44,271.39,280.39,–,–,–,–,–,0,–,–,1045,972.3,812.91,875.89,831.19,872.13,917.51,902.6,1281.84,1306.66,1287.14,1325.23,1329.05,1354.69,1377.5,1414.95,1152.06,1161.92,1142.97,1138.69,1135.75,1119,29.5,1144.86,505.68,497.08,473.49,455.16,465.66,465.26,483.55,474.93,1170,1154.07,1159.61,1153.58,1433.66,1367.51,1230.38,1153.11,143.42,139,135,†,8243.95,8306.27,8299.76,8326.13,8366.8,8444.51,8555.66,8622.01
WISCONSIN,WI ,13.71,13.75,13.81,14.3,14.45,14.69,14.65,14.91,60011.17,60337.39,60091.66,59801.12,59483.65,58597.65,59010.89,58184.6,1823109967,1758682085,1748822733,1701750100,1631245306,1623438789,4162663986,4093554548,4025544362,3951358886,3898230685,3856289215,116198.26,115960.5,113940,114708.7,113361.9,112000.6,113144.8,101249.6,11003.51,10661.55,10229.59,10444.48,10246.83,9938.1,9844.33,9227.63,1425.61,1334.5,1262.62,1298.45,1328.14,1289.05,1207.26,1311.85,886.87,849.68,830.33,819.82,798.56,759.79,712.56,697.88,1268.83,1254.37,1218,1208.31,1179.01,1189.8,1177.34,1102.11,95.75,91.04,94.34,94.26,95.99,99.94,101.94,91.08,2251.45,2195.09,2142.67,2122.39,2073.56,2049.53,1991.84,1891.07,907.13,928.04,898.67,917.44,923.46,959.97,957.99,913.9,654.05,656.38,664.54,683.45,689.29,712.35,697.45,673.2,1282.19,1235.24,1217.78,1198.45,1189.49,1131.73,1139.73,1092.52,2747.94,2704.87,2679.83,2774.2,2799.44,2907.04,2920.33,2859.52,2795.25,2790.27,2785.9,2747.65,2690.56,2640.49,2606.31,2601.02,3760.05,3827.25,3730.22,3749.57,3718.54,3746.09,3721.07,3782.92,9545.13,9331.88,9361.85,7485.32,9158.51,9177.39,8938.91,8860.05,1028.83,1017.27,993.4,†,19172.57,19095.24,18304.21,19154.03,18673.77,18696.69,19685.78,11226
WYOMING,WY ,12.65,12.74,12.33,12.8,12.87,12.85,12.55,12.38,7312.03,7307.74,7521.73,7391.19,7327.39,7334.63,7505.65,7653.43,284026381,271986554,255518966,254895891,259585129,257877016,606514276,585848590,576403893,574134553,583956969,585983430,16619.66,16542.07,16808.21,16626.2,16526.04,16580.09,16932.91,17268.52,2430.35,2436.09,2545.29,2526.83,2482.02,2424,2403.11,2479.81,247.7,214.12,216.14,222.48,237.12,247.27,355.16,368.65,101.37,98.66,95.27,95.12,91.72,90.75,89.61,159.08,199.18,201.69,203.02,199.45,193.86,191.37,185.16,261.7,0,0,0,0,0,0,0,0,300.55,300.35,298.29,294.57,285.58,282.12,274.77,420.78,76.75,80.08,77.11,82.51,77.35,88.42,106.71,108.4,344.98,338.19,349.44,352.1,351.57,359.89,368.01,374.55,383.95,389.52,397.61,389.17,384.38,375.96,395.31,412.27,436.35,435.93,444.42,455.61,470.09,466.34,488.58,496.44,397.75,397.69,398.65,392.58,379.96,380.93,379.1,391.96,558.68,551.66,565.58,568.91,576.12,591.87,620.52,631.66,902.73,895.96,860.01,737.86,1060.43,1009.65,869.23,832.11,87.8,95.02,98.65,†,2982.34,2986.03,3026.07,3024.59,3051.73,3132.7,3175.98,3192.7
,,,,,,,,,,,,,,,,,,,,,,,,,,,,,,,,,,,,,,,,,,,,,,,,,,,,,,,,,,,,,,,,,,,,,,,,,,,,,,,,,,,,,,,,,,,,,,,,,,,,,,,,,,,,,,,,,,,,,,,,,,,,,,,,,,,,,,,,,,,,,,,,,,,,,,,,,
,,,,,,,,,,,,,,,,,,,,,,,,,,,,,,,,,,,,,,,,,,,,,,,,,,,,,,,,,,,,,,,,,,,,,,,,,,,,,,,,,,,,,,,,,,,,,,,,,,,,,,,,,,,,,,,,,,,,,,,,,,,,,,,,,,,,,,,,,,,,,,,,,,,,,,,,,
"Data Source: U.S. Department of Education National Center for Education Statistics Common Core of Data (CCD) ""National Public Education Financial Survey (State Fiscal)"" 2015-16 (FY 2016) v.1a  2016-17 (FY 2017) v.1a  2017-18 (FY 2018) v.2a  2018-19 (FY 2019) v.2a  2019-20 (FY 2020) v.2a  2020-21 (FY 2021) v.1a; ""State Nonfiscal Public Elementary/Secondary Education Survey"" 2016-17 v.1a  2017-18 v.1a  2018-19 v.1a  2019-20 v.1a  2020-21 v.1a  2021-22 v.1a  2022-23 v.1a; ""State Nonfiscal Public Elementary/Secondary Education Survey Staff Data"" 2015-16 v.1a.",,,,,,,,,,,,,,,,,,,,,,,,,,,,,,,,,,,,,,,,,,,,,,,,,,,,,,,,,,,,,,,,,,,,,,,,,,,,,,,,,,,,,,,,,,,,,,,,,,,,,,,,,,,,,,,,,,,,,,,,,,,,,,,,,,,,,,,,,,,,,,,,,,,,,,,,,
,,,,,,,,,,,,,,,,,,,,,,,,,,,,,,,,,,,,,,,,,,,,,,,,,,,,,,,,,,,,,,,,,,,,,,,,,,,,,,,,,,,,,,,,,,,,,,,,,,,,,,,,,,,,,,,,,,,,,,,,,,,,,,,,,,,,,,,,,,,,,,,,,,,,,,,,,
† indicates that the data are not applicable.,,,,,,,,,,,,,,,,,,,,,,,,,,,,,,,,,,,,,,,,,,,,,,,,,,,,,,,,,,,,,,,,,,,,,,,,,,,,,,,,,,,,,,,,,,,,,,,,,,,,,,,,,,,,,,,,,,,,,,,,,,,,,,,,,,,,,,,,,,,,,,,,,,,,,,,,,
– indicates that the data are missing.,,,,,,,,,,,,,,,,,,,,,,,,,,,,,,,,,,,,,,,,,,,,,,,,,,,,,,,,,,,,,,,,,,,,,,,,,,,,,,,,,,,,,,,,,,,,,,,,,,,,,,,,,,,,,,,,,,,,,,,,,,,,,,,,,,,,,,,,,,,,,,,,,,,,,,,,,
‡ indicates that the data do not meet NCES data quality standards.,,,,,,,,,,,,,,,,,,,,,,,,,,,,,,,,,,,,,,,,,,,,,,,,,,,,,,,,,,,,,,,,,,,,,,,,,,,,,,,,,,,,,,,,,,,,,,,,,,,,,,,,,,,,,,,,,,,,,,,,,,,,,,,,,,,,,,,,,,,,,,,,,,,,,,,,,